# Stamp; Host; NProc; X; Y; Z; F; Total FE; Total M; End Time; Dur. Init; Stretch Sim; Int. Init; Main Sim; Total; Total (User); Total (System); ODE; Parabolic; FE; FE before Main Sim; Mem. Consumption after 1st timestep; Memory Consumption At End; Parabolic reason; Newton reason; parabolic n. iter; min; max; newton n. iter; min; max; 
# 1. problem solve; 1.1/2 pre solve; problem_solver_pre_solve; 1.1. problem cellml solve; cellml solve (*); 1.1.1. cellml field2cellml update; 1.1.2. cellml field var get; 1.1.3. cellml data get; 1.1.4. cellml integrate; cellml call rhs; 1.1.5. cellml data restore; 1.1.6. cellml field update; problem_solver_post_solve; 1.2. dynamic linear solve (*); 1.2.1 assemble equations; 1.2.2 get loop time; 1.2.3 solve; 1.2.4 back-substitute; 1.1/2 post solve; 1.2.3.1 dynamic mean predicted calculate; 1.2.3.2 dynamic assemble; 1.2.3.3 solve linear system; 1.2.3.4 update dependent field; 1.3.1 pre solve; 1.3.2 apply incremented BC; 1.3.3 solve; 1.3.3.1 static nonlinear solve (*); 1.3.3.1.1 apply BC, assemble; 1.3.3.1.2 assemble interface conditions; 1.3.3.1.3 solve; 1.3.3.1.3.1 newton update solution vector; 1.3.3.1.3.2 newton Petsc solve; 1.3.3.1.3.3 newton diagnostics; 1.3.3.1.4 update residual; 1.3.4 post solve;  
# (memory consumption, size 1 el., n. objects): distributed vector cmiss DP;;; distributed vector cmiss INTG;;; distributed matrix petsc, compr. row storage diag;;; distributed matrix petsc, compr. row storage, offdiag;;; distributed matrix petsc, compr. row storage, row ind.;;; distributed matrix petsc, compr. row storage, col. ind.;;; distributed matrix petsc, compr. row storage (local to global mapping);;; distributed vector petsc
24.02.2017 09:09:08;leadx07;          1;          1;          1;          1;          1;          1;        300;   0.100;.76988200;1.15282500;.00200000;10.72337000;12.79805470;12.69307041;.10498400;.00000000;.14697700;.01999600;.07898800;273571840;198623232;      2;      2;      9;      9;     10;      0;      0;      1;          0.0000000000000;          0.0000000000000;          0.0000000000000;          0.0000000000000;          0.0000000000000;          0.0000000000000;          0.0000000000000;          0.0000000000000;          0.0000000000000;          0.0000000000000;          0.0000000000000;          0.0000000000000;          0.0000000000000;          0.0000000000000;          0.0000000000000;          0.0000000000000;          0.0000000000000;          0.0000000000000;          0.0000000000000;          0.0000000000000;          0.0000000000000;          0.0000000000000;          0.0000000000000;          0.0000000000000;          0.0000000000000;          0.0000000000000;          0.0000000000000;          0.0000000000000;          0.0000000000000;          0.0000000000000;          0.0000000000000;          0.0000000000000;          0.0000000000000;          0.0000000000000;          0.0000000000000;                0;    0;      0;                0;    0;      0;                0;    0;      0;                0;    0;      0;                0;    0;      0;                0;    0;      0;                0;    0;      0;                0;    0;      0;
24.02.2017 09:09:24;leadx07;          1;          1;          1;          2;          1;          2;        360;   0.100;.88386600;1.55376400;.00200000;13.14800100;15.74360466;15.65561867;.08798600;.00000000;.17996400;.20796800;.25296200;276881408;200859648;      2;      2;      5;      4;      5;      1;      0;      1;          0.0000000000000;          0.0000000000000;          0.0000000000000;          0.0000000000000;          0.0000000000000;          0.0000000000000;          0.0000000000000;          0.0000000000000;          0.0000000000000;          0.0000000000000;          0.0000000000000;          0.0000000000000;          0.0000000000000;          0.0000000000000;          0.0000000000000;          0.0000000000000;          0.0000000000000;          0.0000000000000;          0.0000000000000;          0.0000000000000;          0.0000000000000;          0.0000000000000;          0.0000000000000;          0.0000000000000;          0.0000000000000;          0.0000000000000;          0.0000000000000;          0.0000000000000;          0.0000000000000;          0.0000000000000;          0.0000000000000;          0.0000000000000;          0.0000000000000;          0.0000000000000;          0.0000000000000;                0;    0;      0;                0;    0;      0;                0;    0;      0;                0;    0;      0;                0;    0;      0;                0;    0;      0;                0;    0;      0;                0;    0;      0;
24.02.2017 09:09:57;leadx07;          1;          1;          2;          2;          1;          4;        720;   0.100;1.03984200;3.35349100;.00299900;27.33384500;32.10711670;31.98413658;.12298100;.00000000;.38093300;.69189400;.68389500;293625856;211042304;      2;      2;      5;      4;      5;      1;      0;      1;          0.0000000000000;          0.0000000000000;          0.0000000000000;          0.0000000000000;          0.0000000000000;          0.0000000000000;          0.0000000000000;          0.0000000000000;          0.0000000000000;          0.0000000000000;          0.0000000000000;          0.0000000000000;          0.0000000000000;          0.0000000000000;          0.0000000000000;          0.0000000000000;          0.0000000000000;          0.0000000000000;          0.0000000000000;          0.0000000000000;          0.0000000000000;          0.0000000000000;          0.0000000000000;          0.0000000000000;          0.0000000000000;          0.0000000000000;          0.0000000000000;          0.0000000000000;          0.0000000000000;          0.0000000000000;          0.0000000000000;          0.0000000000000;          0.0000000000000;          0.0000000000000;          0.0000000000000;                0;    0;      0;                0;    0;      0;                0;    0;      0;                0;    0;      0;                0;    0;      0;                0;    0;      0;                0;    0;      0;                0;    0;      0;
24.02.2017 09:11:06;leadx07;          1;          2;          2;          2;          1;          8;       1440;   0.100;1.75273400;7.99078500;.00500000;58.06917100;68.83853912;68.65456390;.18397200;.00000000;.77588200;3.17651900;2.52061700;326295552;227524608;      2;      2;     11;     11;     12;      1;      0;      1;          0.0000000000000;          0.0000000000000;          0.0000000000000;          0.0000000000000;          0.0000000000000;          0.0000000000000;          0.0000000000000;          0.0000000000000;          0.0000000000000;          0.0000000000000;          0.0000000000000;          0.0000000000000;          0.0000000000000;          0.0000000000000;          0.0000000000000;          0.0000000000000;          0.0000000000000;          0.0000000000000;          0.0000000000000;          0.0000000000000;          0.0000000000000;          0.0000000000000;          0.0000000000000;          0.0000000000000;          0.0000000000000;          0.0000000000000;          0.0000000000000;          0.0000000000000;          0.0000000000000;          0.0000000000000;          0.0000000000000;          0.0000000000000;          0.0000000000000;          0.0000000000000;          0.0000000000000;                0;    0;      0;                0;    0;      0;                0;    0;      0;                0;    0;      0;                0;    0;      0;                0;    0;      0;                0;    0;      0;                0;    0;      0;
24.02.2017 09:12:55;leadx07;          1;          2;          2;          3;          1;         12;       2160;   0.100;2.78857700;12.82804900;.00600000;90.93817500;108.55448914;108.31452942;.23996300;.00000000;1.25380600;5.37918200;4.27035100;359211008;245637120;      2;      2;     11;     11;     12;      1;      0;      1;          0.0000000000000;          0.0000000000000;          0.0000000000000;          0.0000000000000;          0.0000000000000;          0.0000000000000;          0.0000000000000;          0.0000000000000;          0.0000000000000;          0.0000000000000;          0.0000000000000;          0.0000000000000;          0.0000000000000;          0.0000000000000;          0.0000000000000;          0.0000000000000;          0.0000000000000;          0.0000000000000;          0.0000000000000;          0.0000000000000;          0.0000000000000;          0.0000000000000;          0.0000000000000;          0.0000000000000;          0.0000000000000;          0.0000000000000;          0.0000000000000;          0.0000000000000;          0.0000000000000;          0.0000000000000;          0.0000000000000;          0.0000000000000;          0.0000000000000;          0.0000000000000;          0.0000000000000;                0;    0;      0;                0;    0;      0;                0;    0;      0;                0;    0;      0;                0;    0;      0;                0;    0;      0;                0;    0;      0;                0;    0;      0;
24.02.2017 09:15:45;leadx07;          1;          3;          2;          3;          1;         18;       3240;   0.100;4.91525300;18.45019500;.00499900;141.46649300;168.82133484;168.48738098;.33394900;.00000000;2.00368700;6.66898600;4.95424700;408649728;259129344;      2;      2;     17;     17;     18;      1;      0;      1;          0.0000000000000;          0.0000000000000;          0.0000000000000;          0.0000000000000;          0.0000000000000;          0.0000000000000;          0.0000000000000;          0.0000000000000;          0.0000000000000;          0.0000000000000;          0.0000000000000;          0.0000000000000;          0.0000000000000;          0.0000000000000;          0.0000000000000;          0.0000000000000;          0.0000000000000;          0.0000000000000;          0.0000000000000;          0.0000000000000;          0.0000000000000;          0.0000000000000;          0.0000000000000;          0.0000000000000;          0.0000000000000;          0.0000000000000;          0.0000000000000;          0.0000000000000;          0.0000000000000;          0.0000000000000;          0.0000000000000;          0.0000000000000;          0.0000000000000;          0.0000000000000;          0.0000000000000;                0;    0;      0;                0;    0;      0;                0;    0;      0;                0;    0;      0;                0;    0;      0;                0;    0;      0;                0;    0;      0;                0;    0;      0;
24.02.2017 09:20:24;leadx07;          1;          3;          3;          3;          1;         27;       4860;   0.100;9.34058000;30.01043700;.00899900;230.17100900;277.79577637;277.32785034;.46792799;.00000000;3.06152700;10.84835000;8.08576900;483266560;291614720;      2;      2;     17;     17;     18;      1;      0;      1;          0.0000000000000;          0.0000000000000;          0.0000000000000;          0.0000000000000;          0.0000000000000;          0.0000000000000;          0.0000000000000;          0.0000000000000;          0.0000000000000;          0.0000000000000;          0.0000000000000;          0.0000000000000;          0.0000000000000;          0.0000000000000;          0.0000000000000;          0.0000000000000;          0.0000000000000;          0.0000000000000;          0.0000000000000;          0.0000000000000;          0.0000000000000;          0.0000000000000;          0.0000000000000;          0.0000000000000;          0.0000000000000;          0.0000000000000;          0.0000000000000;          0.0000000000000;          0.0000000000000;          0.0000000000000;          0.0000000000000;          0.0000000000000;          0.0000000000000;          0.0000000000000;          0.0000000000000;                0;    0;      0;                0;    0;      0;                0;    0;      0;                0;    0;      0;                0;    0;      0;                0;    0;      0;                0;    0;      0;                0;    0;      0;
24.02.2017 09:27:05;leadx07;          1;          3;          3;          4;          1;         36;       6480;   0.100;15.34766600;42.35856100;.00799900;328.62404200;400.43612671;399.75122070;.68489498;.00000000;4.14136300;14.70076500;10.95633300;557481984;323854336;      2;      2;     17;     17;     18;      1;      0;      1;          0.0000000000000;          0.0000000000000;          0.0000000000000;          0.0000000000000;          0.0000000000000;          0.0000000000000;          0.0000000000000;          0.0000000000000;          0.0000000000000;          0.0000000000000;          0.0000000000000;          0.0000000000000;          0.0000000000000;          0.0000000000000;          0.0000000000000;          0.0000000000000;          0.0000000000000;          0.0000000000000;          0.0000000000000;          0.0000000000000;          0.0000000000000;          0.0000000000000;          0.0000000000000;          0.0000000000000;          0.0000000000000;          0.0000000000000;          0.0000000000000;          0.0000000000000;          0.0000000000000;          0.0000000000000;          0.0000000000000;          0.0000000000000;          0.0000000000000;          0.0000000000000;          0.0000000000000;                0;    0;      0;                0;    0;      0;                0;    0;      0;                0;    0;      0;                0;    0;      0;                0;    0;      0;                0;    0;      0;                0;    0;      0;
24.02.2017 09:36:54;leadx07;          1;          3;          4;          4;          1;         48;       8640;   0.100;25.70709100;65.03511400;.01199800;472.54416200;587.51269531;586.67779541;.83487302;.00000000;5.46717500;14.67976600;19.28206900;656961536;366231552;      2;      2;     17;     17;     18;      1;      0;      1;          0.0000000000000;          0.0000000000000;          0.0000000000000;          0.0000000000000;          0.0000000000000;          0.0000000000000;          0.0000000000000;          0.0000000000000;          0.0000000000000;          0.0000000000000;          0.0000000000000;          0.0000000000000;          0.0000000000000;          0.0000000000000;          0.0000000000000;          0.0000000000000;          0.0000000000000;          0.0000000000000;          0.0000000000000;          0.0000000000000;          0.0000000000000;          0.0000000000000;          0.0000000000000;          0.0000000000000;          0.0000000000000;          0.0000000000000;          0.0000000000000;          0.0000000000000;          0.0000000000000;          0.0000000000000;          0.0000000000000;          0.0000000000000;          0.0000000000000;          0.0000000000000;          0.0000000000000;                0;    0;      0;                0;    0;      0;                0;    0;      0;                0;    0;      0;                0;    0;      0;                0;    0;      0;                0;    0;      0;                0;    0;      0;
24.02.2017 09:51:26;leadx07;          1;          4;          4;          4;          1;         64;      11520;   0.100;43.60337100;88.42755700;.01299700;696.95804700;870.77062988;869.68078613;1.08983397;.00000000;7.61484400;21.04280200;20.80883700;790532096;426680320;      2;      2;     23;     23;     24;      1;      0;      1;          0.0000000000000;          0.0000000000000;          0.0000000000000;          0.0000000000000;          0.0000000000000;          0.0000000000000;          0.0000000000000;          0.0000000000000;          0.0000000000000;          0.0000000000000;          0.0000000000000;          0.0000000000000;          0.0000000000000;          0.0000000000000;          0.0000000000000;          0.0000000000000;          0.0000000000000;          0.0000000000000;          0.0000000000000;          0.0000000000000;          0.0000000000000;          0.0000000000000;          0.0000000000000;          0.0000000000000;          0.0000000000000;          0.0000000000000;          0.0000000000000;          0.0000000000000;          0.0000000000000;          0.0000000000000;          0.0000000000000;          0.0000000000000;          0.0000000000000;          0.0000000000000;          0.0000000000000;                0;    0;      0;                0;    0;      0;                0;    0;      0;                0;    0;      0;                0;    0;      0;                0;    0;      0;                0;    0;      0;                0;    0;      0;
24.02.2017 10:11:23;leadx07;          1;          4;          4;          5;          1;         80;      14400;   0.100;65.57703200;118.95091600;.01499800;948.29183800;1196.20214844;1194.79931641;1.40278602;.00000000;9.85449900;26.87591500;26.63295000;923680768;486969344;      2;      2;     23;     23;     24;      1;      0;      1;          0.0000000000000;          0.0000000000000;          0.0000000000000;          0.0000000000000;          0.0000000000000;          0.0000000000000;          0.0000000000000;          0.0000000000000;          0.0000000000000;          0.0000000000000;          0.0000000000000;          0.0000000000000;          0.0000000000000;          0.0000000000000;          0.0000000000000;          0.0000000000000;          0.0000000000000;          0.0000000000000;          0.0000000000000;          0.0000000000000;          0.0000000000000;          0.0000000000000;          0.0000000000000;          0.0000000000000;          0.0000000000000;          0.0000000000000;          0.0000000000000;          0.0000000000000;          0.0000000000000;          0.0000000000000;          0.0000000000000;          0.0000000000000;          0.0000000000000;          0.0000000000000;          0.0000000000000;                0;    0;      0;                0;    0;      0;                0;    0;      0;                0;    0;      0;                0;    0;      0;                0;    0;      0;                0;    0;      0;                0;    0;      0;
24.02.2017 10:39:41;leadx07;          1;          4;          5;          5;          1;        100;      18000;   0.100;100.75568200;165.05890700;.01799800;1331.56757100;1695.57714844;1693.84643555;1.73073602;.00000000;12.57008400;35.83455300;35.45560900;1091088384;552828928;      2;      2;     23;     23;     24;      1;      0;      1;          0.0000000000000;          0.0000000000000;          0.0000000000000;          0.0000000000000;          0.0000000000000;          0.0000000000000;          0.0000000000000;          0.0000000000000;          0.0000000000000;          0.0000000000000;          0.0000000000000;          0.0000000000000;          0.0000000000000;          0.0000000000000;          0.0000000000000;          0.0000000000000;          0.0000000000000;          0.0000000000000;          0.0000000000000;          0.0000000000000;          0.0000000000000;          0.0000000000000;          0.0000000000000;          0.0000000000000;          0.0000000000000;          0.0000000000000;          0.0000000000000;          0.0000000000000;          0.0000000000000;          0.0000000000000;          0.0000000000000;          0.0000000000000;          0.0000000000000;          0.0000000000000;          0.0000000000000;                0;    0;      0;                0;    0;      0;                0;    0;      0;                0;    0;      0;                0;    0;      0;                0;    0;      0;                0;    0;      0;                0;    0;      0;
24.02.2017 11:20:48;leadx07;          1;          5;          5;          5;          1;        125;      22500;   0.100;160.70856900;232.49565500;.02199700;1914.62193400;2465.54711914;2463.28051758;2.26665497;.00000000;16.57048900;29.58050400;43.72335500;1301422080;638767104;      2;      2;     28;     27;     29;      1;      0;      1;          0.0000000000000;          0.0000000000000;          0.0000000000000;          0.0000000000000;          0.0000000000000;          0.0000000000000;          0.0000000000000;          0.0000000000000;          0.0000000000000;          0.0000000000000;          0.0000000000000;          0.0000000000000;          0.0000000000000;          0.0000000000000;          0.0000000000000;          0.0000000000000;          0.0000000000000;          0.0000000000000;          0.0000000000000;          0.0000000000000;          0.0000000000000;          0.0000000000000;          0.0000000000000;          0.0000000000000;          0.0000000000000;          0.0000000000000;          0.0000000000000;          0.0000000000000;          0.0000000000000;          0.0000000000000;          0.0000000000000;          0.0000000000000;          0.0000000000000;          0.0000000000000;          0.0000000000000;                0;    0;      0;                0;    0;      0;                0;    0;      0;                0;    0;      0;                0;    0;      0;                0;    0;      0;                0;    0;      0;                0;    0;      0;
24.02.2017 12:15:35;leadx07;          1;          5;          5;          6;          1;        150;      27000;   0.100;225.90965700;302.74497600;.02499600;2533.70581800;3284.86254883;3282.32299805;2.53961301;.00000000;20.26991900;35.27963700;52.20106500;1509711872;734294016;      2;      2;     28;     27;     29;      1;      0;      1;          0.0000000000000;          0.0000000000000;          0.0000000000000;          0.0000000000000;          0.0000000000000;          0.0000000000000;          0.0000000000000;          0.0000000000000;          0.0000000000000;          0.0000000000000;          0.0000000000000;          0.0000000000000;          0.0000000000000;          0.0000000000000;          0.0000000000000;          0.0000000000000;          0.0000000000000;          0.0000000000000;          0.0000000000000;          0.0000000000000;          0.0000000000000;          0.0000000000000;          0.0000000000000;          0.0000000000000;          0.0000000000000;          0.0000000000000;          0.0000000000000;          0.0000000000000;          0.0000000000000;          0.0000000000000;          0.0000000000000;          0.0000000000000;          0.0000000000000;          0.0000000000000;          0.0000000000000;                0;    0;      0;                0;    0;      0;                0;    0;      0;                0;    0;      0;                0;    0;      0;                0;    0;      0;                0;    0;      0;                0;    0;      0;
24.02.2017 13:36:28;leadx07;          1;          5;          6;          6;          1;        180;      32400;   0.100;356.06187100;432.11530900;.02699500;3710.88886000;4850.61865234;4847.60498047;3.01354098;.00000000;24.56526500;21.79368600;62.96242900;1755078656;837435392;      2;      2;     28;     27;     29;      0;      0;      1;          0.0000000000000;          0.0000000000000;          0.0000000000000;          0.0000000000000;          0.0000000000000;          0.0000000000000;          0.0000000000000;          0.0000000000000;          0.0000000000000;          0.0000000000000;          0.0000000000000;          0.0000000000000;          0.0000000000000;          0.0000000000000;          0.0000000000000;          0.0000000000000;          0.0000000000000;          0.0000000000000;          0.0000000000000;          0.0000000000000;          0.0000000000000;          0.0000000000000;          0.0000000000000;          0.0000000000000;          0.0000000000000;          0.0000000000000;          0.0000000000000;          0.0000000000000;          0.0000000000000;          0.0000000000000;          0.0000000000000;          0.0000000000000;          0.0000000000000;          0.0000000000000;          0.0000000000000;                0;    0;      0;                0;    0;      0;                0;    0;      0;                0;    0;      0;                0;    0;      0;                0;    0;      0;                0;    0;      0;                0;    0;      0;
24.02.2017 15:44:50;leadx07;          1;          6;          6;          6;          1;        216;      38880;   0.100;589.88732400;660.93452300;.01899700;5864.88040200;7699.23486328;7695.92919922;3.30549693;.00000000;32.15411300;26.82492200;77.54521000;2062118912;980361216;      2;      2;     34;     33;     36;      0;      0;      1;          0.0000000000000;          0.0000000000000;          0.0000000000000;          0.0000000000000;          0.0000000000000;          0.0000000000000;          0.0000000000000;          0.0000000000000;          0.0000000000000;          0.0000000000000;          0.0000000000000;          0.0000000000000;          0.0000000000000;          0.0000000000000;          0.0000000000000;          0.0000000000000;          0.0000000000000;          0.0000000000000;          0.0000000000000;          0.0000000000000;          0.0000000000000;          0.0000000000000;          0.0000000000000;          0.0000000000000;          0.0000000000000;          0.0000000000000;          0.0000000000000;          0.0000000000000;          0.0000000000000;          0.0000000000000;          0.0000000000000;          0.0000000000000;          0.0000000000000;          0.0000000000000;          0.0000000000000;                0;    0;      0;                0;    0;      0;                0;    0;      0;                0;    0;      0;                0;    0;      0;                0;    0;      0;                0;    0;      0;                0;    0;      0;
24.02.2017 18:54:15;leadx07;          1;          6;          6;          7;          1;        252;      45360;   0.100;892.97824600;951.18339800;.03399500;8629.52411400;11360.46582031;11356.34375000;4.12237310;.00000000;36.88439300;31.61819200;91.45909800;2360139776;1097355264;      2;      2;     34;     33;     36;      0;      0;      1;          0.0000000000000;          0.0000000000000;          0.0000000000000;          0.0000000000000;          0.0000000000000;          0.0000000000000;          0.0000000000000;          0.0000000000000;          0.0000000000000;          0.0000000000000;          0.0000000000000;          0.0000000000000;          0.0000000000000;          0.0000000000000;          0.0000000000000;          0.0000000000000;          0.0000000000000;          0.0000000000000;          0.0000000000000;          0.0000000000000;          0.0000000000000;          0.0000000000000;          0.0000000000000;          0.0000000000000;          0.0000000000000;          0.0000000000000;          0.0000000000000;          0.0000000000000;          0.0000000000000;          0.0000000000000;          0.0000000000000;          0.0000000000000;          0.0000000000000;          0.0000000000000;          0.0000000000000;                0;    0;      0;                0;    0;      0;                0;    0;      0;                0;    0;      0;                0;    0;      0;                0;    0;      0;                0;    0;      0;                0;    0;      0;
24.02.2017 23:26:20;leadx07;          1;          6;          7;          7;          1;        294;      52920;   0.100;1304.89462500;1336.41983300;.03699500;12382.08663700;16320.92187500;16317.32617188;3.59545302;.00000000;44.37226600;36.28848500;104.76207400;2710573056;1250250752;      2;      2;     34;     33;     36;      0;      0;      1;          0.0000000000000;          0.0000000000000;          0.0000000000000;          0.0000000000000;          0.0000000000000;          0.0000000000000;          0.0000000000000;          0.0000000000000;          0.0000000000000;          0.0000000000000;          0.0000000000000;          0.0000000000000;          0.0000000000000;          0.0000000000000;          0.0000000000000;          0.0000000000000;          0.0000000000000;          0.0000000000000;          0.0000000000000;          0.0000000000000;          0.0000000000000;          0.0000000000000;          0.0000000000000;          0.0000000000000;          0.0000000000000;          0.0000000000000;          0.0000000000000;          0.0000000000000;          0.0000000000000;          0.0000000000000;          0.0000000000000;          0.0000000000000;          0.0000000000000;          0.0000000000000;          0.0000000000000;                0;    0;      0;                0;    0;      0;                0;    0;      0;                0;    0;      0;                0;    0;      0;                0;    0;      0;                0;    0;      0;                0;    0;      0;
25.02.2017 05:50:43;leadx07;          1;          7;          7;          7;          1;        343;      61740;   0.100;1869.32681900;1864.88349500;.04499300;17462.60828000;23057.48046875;23052.46679688;5.01323700;.00000000;55.03862700;43.96231500;127.47762100;3125542912;1417125888;      2;      2;     39;     37;     41;      0;      0;      1;          0.0000000000000;          0.0000000000000;          0.0000000000000;          0.0000000000000;          0.0000000000000;          0.0000000000000;          0.0000000000000;          0.0000000000000;          0.0000000000000;          0.0000000000000;          0.0000000000000;          0.0000000000000;          0.0000000000000;          0.0000000000000;          0.0000000000000;          0.0000000000000;          0.0000000000000;          0.0000000000000;          0.0000000000000;          0.0000000000000;          0.0000000000000;          0.0000000000000;          0.0000000000000;          0.0000000000000;          0.0000000000000;          0.0000000000000;          0.0000000000000;          0.0000000000000;          0.0000000000000;          0.0000000000000;          0.0000000000000;          0.0000000000000;          0.0000000000000;          0.0000000000000;          0.0000000000000;                0;    0;      0;                0;    0;      0;                0;    0;      0;                0;    0;      0;                0;    0;      0;                0;    0;      0;                0;    0;      0;                0;    0;      0;
25.02.2017 14:27:11;leadx07;          1;          7;          7;          8;          1;        392;      70560;   0.100;2523.91330700;2484.79525400;.05499200;23450.50498100;30979.20507813;30972.22656250;6.97793913;.00000000;66.83283700;50.98025300;147.64855300;3539996672;1608015872;      2;      2;     39;     37;     41;      1;      0;      1;          0.0000000000000;          0.0000000000000;          0.0000000000000;          0.0000000000000;          0.0000000000000;          0.0000000000000;          0.0000000000000;          0.0000000000000;          0.0000000000000;          0.0000000000000;          0.0000000000000;          0.0000000000000;          0.0000000000000;          0.0000000000000;          0.0000000000000;          0.0000000000000;          0.0000000000000;          0.0000000000000;          0.0000000000000;          0.0000000000000;          0.0000000000000;          0.0000000000000;          0.0000000000000;          0.0000000000000;          0.0000000000000;          0.0000000000000;          0.0000000000000;          0.0000000000000;          0.0000000000000;          0.0000000000000;          0.0000000000000;          0.0000000000000;          0.0000000000000;          0.0000000000000;          0.0000000000000;                0;    0;      0;                0;    0;      0;                0;    0;      0;                0;    0;      0;                0;    0;      0;                0;    0;      0;                0;    0;      0;                0;    0;      0;
26.02.2017 01:43:10;leadx07;          1;          7;          8;          8;          1;        448;      80640;   0.100;3351.72246100;3227.55233800;.03299500;30633.67097400;40549.38281250;40540.86328125;8.51770496;.00000000;78.67604600;58.91104200;170.48608200;4011388928;1801715712;      2;      2;     39;     37;     41;      1;      0;      1;          0.0000000000000;          0.0000000000000;          0.0000000000000;          0.0000000000000;          0.0000000000000;          0.0000000000000;          0.0000000000000;          0.0000000000000;          0.0000000000000;          0.0000000000000;          0.0000000000000;          0.0000000000000;          0.0000000000000;          0.0000000000000;          0.0000000000000;          0.0000000000000;          0.0000000000000;          0.0000000000000;          0.0000000000000;          0.0000000000000;          0.0000000000000;          0.0000000000000;          0.0000000000000;          0.0000000000000;          0.0000000000000;          0.0000000000000;          0.0000000000000;          0.0000000000000;          0.0000000000000;          0.0000000000000;          0.0000000000000;          0.0000000000000;          0.0000000000000;          0.0000000000000;          0.0000000000000;                0;    0;      0;                0;    0;      0;                0;    0;      0;                0;    0;      0;                0;    0;      0;                0;    0;      0;                0;    0;      0;                0;    0;      0;
26.02.2017 16:40:00;leadx07;          1;          8;          8;          8;          1;        512;      92160;   0.100;4484.22029600;4248.52712500;.06699000;40596.97632100;53798.48828125;53787.22656250;11.26328659;.00000000;87.25974000;67.94166900;197.40598900;4559593472;2057539584;      2;      2;     44;     42;     46;      1;      0;      1;          0.0000000000000;          0.0000000000000;          0.0000000000000;          0.0000000000000;          0.0000000000000;          0.0000000000000;          0.0000000000000;          0.0000000000000;          0.0000000000000;          0.0000000000000;          0.0000000000000;          0.0000000000000;          0.0000000000000;          0.0000000000000;          0.0000000000000;          0.0000000000000;          0.0000000000000;          0.0000000000000;          0.0000000000000;          0.0000000000000;          0.0000000000000;          0.0000000000000;          0.0000000000000;          0.0000000000000;          0.0000000000000;          0.0000000000000;          0.0000000000000;          0.0000000000000;          0.0000000000000;          0.0000000000000;          0.0000000000000;          0.0000000000000;          0.0000000000000;          0.0000000000000;          0.0000000000000;                0;    0;      0;                0;    0;      0;                0;    0;      0;                0;    0;      0;                0;    0;      0;                0;    0;      0;                0;    0;      0;                0;    0;      0;
27.02.2017 11:56:47;leadx07;          1;          8;          8;          9;          1;        576;     103680;   0.100;5770.86969500;5412.09023700;.07298900;52457.56123900;69391.23437500;69377.57812500;13.65692329;.00000000;113.51374900;77.03528900;223.74198500;5092552704;2255769600;      2;      2;     44;     42;     46;      1;      0;      1;          0.0000000000000;          0.0000000000000;          0.0000000000000;          0.0000000000000;          0.0000000000000;          0.0000000000000;          0.0000000000000;          0.0000000000000;          0.0000000000000;          0.0000000000000;          0.0000000000000;          0.0000000000000;          0.0000000000000;          0.0000000000000;          0.0000000000000;          0.0000000000000;          0.0000000000000;          0.0000000000000;          0.0000000000000;          0.0000000000000;          0.0000000000000;          0.0000000000000;          0.0000000000000;          0.0000000000000;          0.0000000000000;          0.0000000000000;          0.0000000000000;          0.0000000000000;          0.0000000000000;          0.0000000000000;          0.0000000000000;          0.0000000000000;          0.0000000000000;          0.0000000000000;          0.0000000000000;                0;    0;      0;                0;    0;      0;                0;    0;      0;                0;    0;      0;                0;    0;      0;                0;    0;      0;                0;    0;      0;                0;    0;      0;
28.02.2017 13:03:33;leadx07;          1;          8;          9;          9;          1;        648;     116640;   0.100;7544.18210900;7074.51451100;.07998800;68197.97333200;90386.35937500;90368.66406250;17.69730949;.00000000;118.57597700;87.41771100;253.64044100;5694410752;2496638976;      2;      2;     44;     42;     46;      1;      0;      1;          0.0000000000000;          0.0000000000000;          0.0000000000000;          0.0000000000000;          0.0000000000000;          0.0000000000000;          0.0000000000000;          0.0000000000000;          0.0000000000000;          0.0000000000000;          0.0000000000000;          0.0000000000000;          0.0000000000000;          0.0000000000000;          0.0000000000000;          0.0000000000000;          0.0000000000000;          0.0000000000000;          0.0000000000000;          0.0000000000000;          0.0000000000000;          0.0000000000000;          0.0000000000000;          0.0000000000000;          0.0000000000000;          0.0000000000000;          0.0000000000000;          0.0000000000000;          0.0000000000000;          0.0000000000000;          0.0000000000000;          0.0000000000000;          0.0000000000000;          0.0000000000000;          0.0000000000000;                0;    0;      0;                0;    0;      0;                0;    0;      0;                0;    0;      0;                0;    0;      0;                0;    0;      0;                0;    0;      0;                0;    0;      0;
01.03.2017 22:50:28;leadx07;          1;          9;          9;          9;          1;        729;     131220;   0.100;10462.23249900;10093.34757800;.08698700;90960.12596000;121584.04687500;121562.39062500;21.65970612;.00000000;148.17947000;104.48011600;294.49623000;6390882304;2793152512;      2;      2;     49;     46;     51;      1;      0;      1;          0.0000000000000;          0.0000000000000;          0.0000000000000;          0.0000000000000;          0.0000000000000;          0.0000000000000;          0.0000000000000;          0.0000000000000;          0.0000000000000;          0.0000000000000;          0.0000000000000;          0.0000000000000;          0.0000000000000;          0.0000000000000;          0.0000000000000;          0.0000000000000;          0.0000000000000;          0.0000000000000;          0.0000000000000;          0.0000000000000;          0.0000000000000;          0.0000000000000;          0.0000000000000;          0.0000000000000;          0.0000000000000;          0.0000000000000;          0.0000000000000;          0.0000000000000;          0.0000000000000;          0.0000000000000;          0.0000000000000;          0.0000000000000;          0.0000000000000;          0.0000000000000;          0.0000000000000;                0;    0;      0;                0;    0;      0;                0;    0;      0;                0;    0;      0;                0;    0;      0;                0;    0;      0;                0;    0;      0;                0;    0;      0;
03.03.2017 19:45:03;leadx07;          1;          9;          9;         10;          1;        810;     145800;   0.100;13048.26036300;12701.36509900;.11698200;122968.76290700;161638.17187500;161610.57812500;27.59880447;.00000000;152.69679500;4.32034300;324.48567100;7092539392;3096436736;      2;      2;     49;     46;     51;      0;      0;      0;          0.0000000000000;          0.0000000000000;          0.0000000000000;          0.0000000000000;          0.0000000000000;          0.0000000000000;          0.0000000000000;          0.0000000000000;          0.0000000000000;          0.0000000000000;          0.0000000000000;          0.0000000000000;          0.0000000000000;          0.0000000000000;          0.0000000000000;          0.0000000000000;          0.0000000000000;          0.0000000000000;          0.0000000000000;          0.0000000000000;          0.0000000000000;          0.0000000000000;          0.0000000000000;          0.0000000000000;          0.0000000000000;          0.0000000000000;          0.0000000000000;          0.0000000000000;          0.0000000000000;          0.0000000000000;          0.0000000000000;          0.0000000000000;          0.0000000000000;          0.0000000000000;          0.0000000000000;                0;    0;      0;                0;    0;      0;                0;    0;      0;                0;    0;      0;                0;    0;      0;                0;    0;      0;                0;    0;      0;                0;    0;      0;
