# Timestep; Parabolic reason; Newton reason; parabolic n. iter; min; max; newton n. iter; min; max 
# Parabolic reason: 1=RTOL_NORMAL, 2=RTOL, 3=ATOL, 4=ITS, 5=CG_NEG_CURVE, 6=CG_CONSTRAINED, 7=STEP_LENGTH, 8=HAPPY_BREAKDOWN, 9=ATOL_NORMAL
# Newton reason: 2=FNORM_ABS ||F||<atol, 3=FNORM_RELATIVE ||F|| < rtol*||F_initial||, 4=SNORM_RELATIVE Newton computed step size small || delta x || < stol || x ||, 5=ITS, 7=TR_DELTA
-1.00000000;      3;      2;      1;      0;      1;      0;      0;      3;
.00000000;      2;      2;     20;     18;     20;      0;      0;      0;
.10000000;      2;      2;     23;     23;     24;      1;      0;      1;
-1.00000000;      3;      2;      1;      1;      1;      0;      0;      3;
.00000000;      2;      2;     20;     18;     20;      0;      0;      0;
.10000000;      2;      2;     23;     23;     24;      1;      0;      1;
-1.00000000;      3;      2;      1;      0;      1;      0;      0;      3;
.00000000;      2;      2;     20;     18;     20;      0;      0;      0;
.10000000;      2;      2;     23;     23;     24;      1;      0;      1;
-1.00000000;      3;      2;      1;      1;      1;      0;      0;      3;
.00000000;      2;      2;     20;     18;     20;      0;      0;      0;
.10000000;      2;      2;     23;     23;     24;      1;      0;      1;
-1.00000000;      3;      2;      1;      0;      1;      0;      0;      3;
.00000000;      2;      2;     20;     18;     20;      0;      0;      0;
.10000000;      2;      2;     23;     23;     24;      1;      0;      1;
-1.00000000;      3;      2;      1;      1;      1;      0;      0;      3;
.00000000;      2;      2;     20;     18;     20;      0;      0;      0;
.10000000;      2;      2;     23;     23;     24;      1;      0;      1;
-1.00000000;      3;      2;      1;      0;      1;      0;      0;      3;
.00000000;      2;      2;     20;     18;     20;      0;      0;      0;
.10000000;      2;      2;     23;     23;     24;      1;      0;      1;
-1.00000000;      3;      2;      1;      1;      1;      0;      0;      3;
.00000000;      2;      2;     20;     18;     20;      0;      0;      0;
.10000000;      2;      2;     23;     23;     24;      1;      0;      1;
-1.00000000;      3;      2;      1;      0;      1;      0;      0;      3;
.00000000;      2;      2;     20;     18;     20;      0;      0;      0;
.10000000;      2;      2;     23;     23;     24;      1;      0;      1;
-1.00000000;      3;      2;      1;      1;      1;      0;      0;      3;
.00000000;      2;      2;     20;     18;     20;      0;      0;      0;
.10000000;      2;      2;     23;     23;     24;      1;      0;      1;
-1.00000000;      3;      2;      1;      0;      1;      0;      0;      3;
.00000000;      2;      2;     20;     18;     20;      0;      0;      0;
.10000000;      2;      2;     23;     23;     24;      1;      0;      1;
-1.00000000;      3;      2;      1;      1;      1;      0;      0;      3;
.00000000;      2;      2;     20;     18;     20;      0;      0;      0;
.10000000;      2;      2;     23;     23;     24;      1;      0;      1;
-1.00000000;      3;      2;      1;      0;      1;      0;      0;      3;
.00000000;      2;      2;     20;     18;     20;      0;      0;      0;
.10000000;      2;      2;     23;     23;     24;      1;      0;      1;
-1.00000000;      3;      2;      1;      1;      1;      0;      0;      3;
.00000000;      2;      2;     20;     18;     20;      0;      0;      0;
.10000000;      2;      2;     23;     23;     24;      1;      0;      1;
-1.00000000;      3;      2;      1;      0;      1;      0;      0;      3;
.00000000;      2;      2;     20;     18;     20;      0;      0;      0;
.10000000;      2;      2;     23;     23;     24;      1;      0;      1;
-1.00000000;      3;      2;      1;      1;      1;      0;      0;      3;
.00000000;      2;      2;     20;     18;     20;      0;      0;      0;
.10000000;      2;      2;     23;     23;     24;      1;      0;      1;
-1.00000000;      3;      2;      1;      0;      1;      0;      0;      3;
.00000000;      2;      2;     20;     18;     20;      0;      0;      0;
.10000000;      2;      2;     23;     23;     24;      1;      0;      1;
-1.00000000;      3;      2;      1;      1;      1;      0;      0;      3;
.00000000;      2;      2;     20;     18;     20;      0;      0;      0;
.10000000;      2;      2;     23;     23;     24;      1;      0;      1;
-1.00000000;      3;      2;      1;      0;      1;      0;      0;      3;
.00000000;      2;      2;     20;     18;     20;      0;      0;      0;
.10000000;      2;      2;     23;     23;     24;      1;      0;      1;
-1.00000000;      3;      2;      1;      1;      1;      0;      0;      3;
.00000000;      2;      2;     20;     18;     20;      0;      0;      0;
.10000000;      2;      2;     23;     23;     24;      1;      0;      1;
-1.00000000;      3;      2;      1;      0;      1;      0;      0;      3;
.00000000;      2;      2;     20;     18;     20;      0;      0;      0;
.10000000;      2;      2;     23;     23;     24;      1;      0;      1;
-1.00000000;      3;      2;      1;      1;      1;      0;      0;      3;
.00000000;      2;      2;     20;     18;     20;      0;      0;      0;
.10000000;      2;      2;     23;     23;     24;      1;      0;      1;
-1.00000000;      3;      2;      1;      0;      1;      0;      0;      3;
.00000000;      2;      2;     20;     18;     20;      0;      0;      0;
.10000000;      2;      2;     23;     23;     24;      1;      0;      1;
-1.00000000;      3;      2;      1;      1;      1;      0;      0;      3;
.00000000;      2;      2;     20;     18;     20;      0;      0;      0;
.10000000;      2;      2;     23;     23;     24;      1;      0;      1;
-1.00000000;      3;      2;      1;      0;      1;      0;      0;      3;
.00000000;      2;      2;     20;     18;     20;      0;      0;      0;
.10000000;      2;      2;     23;     23;     24;      1;      0;      1;
-1.00000000;      3;      2;      1;      1;      1;      0;      0;      3;
.00000000;      2;      2;     20;     18;     20;      0;      0;      0;
.10000000;      2;      2;     23;     23;     24;      1;      0;      1;
-1.00000000;      3;      2;      1;      0;      1;      0;      0;      3;
.00000000;      2;      2;     20;     18;     20;      0;      0;      0;
.10000000;      2;      2;     23;     23;     24;      1;      0;      1;
-1.00000000;      3;      2;      1;      1;      1;      0;      0;      3;
.00000000;      2;      2;     20;     18;     20;      0;      0;      0;
.10000000;      2;      2;     23;     23;     24;      1;      0;      1;
-1.00000000;      3;      2;      1;      0;      1;      0;      0;      3;
.00000000;      2;      2;     20;     18;     20;      0;      0;      0;
.10000000;      2;      2;     23;     23;     24;      1;      0;      1;
-1.00000000;      3;      2;      1;      1;      1;      0;      0;      3;
.00000000;      2;      2;     20;     18;     20;      0;      0;      0;
.10000000;      2;      2;     23;     23;     24;      1;      0;      1;
-1.00000000;      3;      2;      1;      0;      1;      0;      0;      3;
.00000000;      2;      2;     20;     18;     20;      0;      0;      0;
.10000000;      2;      2;     23;     23;     24;      1;      0;      1;
-1.00000000;      3;      2;      1;      1;      1;      0;      0;      3;
.00000000;      2;      2;     20;     18;     20;      0;      0;      0;
.10000000;      2;      2;     23;     23;     24;      1;      0;      1;
-1.00000000;      3;      2;      1;      0;      1;      0;      0;      3;
.00000000;      2;      2;     20;     18;     20;      0;      0;      0;
.10000000;      2;      2;     23;     23;     24;      1;      0;      1;
-1.00000000;      3;      2;      1;      1;      1;      0;      0;      3;
.00000000;      2;      2;     20;     18;     20;      0;      0;      0;
.10000000;      2;      2;     23;     23;     24;      1;      0;      1;
-1.00000000;      3;      2;      1;      0;      1;      0;      0;      3;
.00000000;      2;      2;     20;     18;     20;      0;      0;      0;
.10000000;      2;      2;     23;     23;     24;      1;      0;      1;
-1.00000000;      3;      2;      1;      1;      1;      0;      0;      3;
.00000000;      2;      2;     20;     18;     20;      0;      0;      0;
.10000000;      2;      2;     23;     23;     24;      1;      0;      1;
-1.00000000;      3;      2;      1;      0;      1;      0;      0;      3;
.00000000;      2;      2;     20;     18;     20;      0;      0;      0;
.10000000;      2;      2;     23;     23;     24;      1;      0;      1;
-1.00000000;      3;      2;      1;      1;      1;      0;      0;      3;
.00000000;      2;      2;     20;     18;     20;      0;      0;      0;
.10000000;      2;      2;     23;     23;     24;      1;      0;      1;
-1.00000000;      3;      2;      1;      0;      1;      0;      0;      3;
.00000000;      2;      2;     20;     18;     20;      0;      0;      0;
.10000000;      2;      2;     23;     23;     24;      1;      0;      1;
-1.00000000;      3;      2;      1;      1;      1;      0;      0;      3;
.00000000;      2;      2;     20;     18;     20;      0;      0;      0;
.10000000;      2;      2;     23;     23;     24;      1;      0;      1;
-1.00000000;      3;      2;      1;      0;      1;      0;      0;      3;
.00000000;      2;      2;     20;     18;     20;      0;      0;      0;
.10000000;      2;      2;     23;     23;     24;      1;      0;      1;
-1.00000000;      3;      2;      1;      1;      1;      0;      0;      3;
.00000000;      2;      2;     20;     18;     20;      0;      0;      0;
.10000000;      2;      2;     23;     23;     24;      1;      0;      1;
-1.00000000;      3;      2;      1;      0;      1;      0;      0;      3;
.00000000;      2;      2;     20;     18;     20;      0;      0;      0;
.10000000;      2;      2;     23;     23;     24;      1;      0;      1;
-1.00000000;      3;      2;      1;      1;      1;      0;      0;      3;
.00000000;      2;      2;     20;     18;     20;      0;      0;      0;
.10000000;      2;      2;     23;     23;     24;      1;      0;      1;
-1.00000000;      3;      2;      1;      0;      1;      0;      0;      3;
.00000000;      2;      2;     20;     18;     20;      0;      0;      0;
.10000000;      2;      2;     23;     23;     24;      1;      0;      1;
-1.00000000;      3;      2;      1;      1;      1;      0;      0;      3;
.00000000;      2;      2;     20;     18;     20;      0;      0;      0;
.10000000;      2;      2;     23;     23;     24;      1;      0;      1;
-1.00000000;      3;      2;      1;      0;      1;      0;      0;      3;
.00000000;      2;      2;     20;     18;     20;      0;      0;      0;
.10000000;      2;      2;     23;     23;     24;      1;      0;      1;
-1.00000000;      3;      2;      1;      1;      1;      0;      0;      3;
.00000000;      2;      2;     20;     18;     20;      0;      0;      0;
.10000000;      2;      2;     23;     23;     24;      1;      0;      1;
-1.00000000;      3;      2;      1;      0;      1;      0;      0;      3;
.00000000;      2;      2;     20;     18;     20;      0;      0;      0;
.10000000;      2;      2;     23;     23;     24;      1;      0;      1;
-1.00000000;      3;      2;      1;      1;      1;      0;      0;      3;
.00000000;      2;      2;     20;     18;     20;      0;      0;      0;
.10000000;      2;      2;     23;     23;     24;      1;      0;      1;
-1.00000000;      3;      2;      1;      0;      1;      0;      0;      3;
.00000000;      2;      2;     20;     18;     20;      0;      0;      0;
.10000000;      2;      2;     23;     23;     24;      1;      0;      1;
-1.00000000;      3;      2;      1;      1;      1;      0;      0;      3;
.00000000;      2;      2;     20;     18;     20;      0;      0;      0;
.10000000;      2;      2;     23;     23;     24;      1;      0;      1;
-1.00000000;      3;      2;      1;      0;      1;      0;      0;      3;
.00000000;      2;      2;     20;     18;     20;      0;      0;      0;
.10000000;      2;      2;     23;     23;     24;      1;      0;      1;
-1.00000000;      3;      2;      1;      1;      1;      0;      0;      3;
.00000000;      2;      2;     20;     18;     20;      0;      0;      0;
.10000000;      2;      2;     23;     23;     24;      1;      0;      1;
-1.00000000;      3;      2;      1;      0;      1;      0;      0;      3;
.00000000;      2;      2;     20;     18;     20;      0;      0;      0;
.10000000;      2;      2;     23;     23;     24;      1;      0;      1;
-1.00000000;      3;      2;      1;      1;      1;      0;      0;      3;
.00000000;      2;      2;     20;     18;     20;      0;      0;      0;
.10000000;      2;      2;     23;     23;     24;      1;      0;      1;
-1.00000000;      3;      2;      1;      0;      1;      0;      0;      3;
.00000000;      2;      2;     20;     18;     20;      0;      0;      0;
.10000000;      2;      2;     23;     23;     24;      1;      0;      1;
-1.00000000;      3;      2;      1;      1;      1;      0;      0;      3;
.00000000;      2;      2;     20;     18;     20;      0;      0;      0;
.10000000;      2;      2;     23;     23;     24;      1;      0;      1;
-1.00000000;      3;      2;      1;      0;      1;      0;      0;      3;
.00000000;      2;      2;     20;     18;     20;      0;      0;      0;
.10000000;      2;      2;     23;     23;     24;      1;      0;      1;
-1.00000000;      3;      2;      1;      1;      1;      0;      0;      3;
.00000000;      2;      2;     20;     18;     20;      0;      0;      0;
.10000000;      2;      2;     23;     23;     24;      1;      0;      1;
-1.00000000;      3;      2;      1;      0;      1;      0;      0;      3;
.00000000;      2;      2;     20;     18;     20;      0;      0;      0;
.10000000;      2;      2;     23;     23;     24;      1;      0;      1;
-1.00000000;      3;      2;      1;      1;      1;      0;      0;      3;
.00000000;      2;      2;     20;     18;     20;      0;      0;      0;
.10000000;      2;      2;     23;     23;     24;      1;      0;      1;
-1.00000000;      3;      2;      1;      0;      1;      0;      0;      3;
.00000000;      2;      2;     20;     18;     20;      0;      0;      0;
.10000000;      2;      2;     23;     23;     24;      1;      0;      1;
-1.00000000;      3;      2;      1;      1;      1;      0;      0;      3;
.00000000;      2;      2;     20;     18;     20;      0;      0;      0;
.10000000;      2;      2;     23;     23;     24;      1;      0;      1;
-1.00000000;      3;      2;      1;      0;      1;      0;      0;      3;
.00000000;      2;      2;     20;     18;     20;      0;      0;      0;
.10000000;      2;      2;     23;     23;     24;      1;      0;      1;
-1.00000000;      3;      2;      1;      1;      1;      0;      0;      3;
.00000000;      2;      2;     20;     18;     20;      0;      0;      0;
.10000000;      2;      2;     23;     23;     24;      1;      0;      1;
-1.00000000;      3;      2;      1;      0;      1;      0;      0;      3;
.00000000;      2;      2;     20;     18;     20;      0;      0;      0;
.10000000;      2;      2;     23;     23;     24;      1;      0;      1;
-1.00000000;      3;      2;      1;      1;      1;      0;      0;      3;
.00000000;      2;      2;     20;     18;     20;      0;      0;      0;
.10000000;      2;      2;     23;     23;     24;      1;      0;      1;
-1.00000000;      3;      2;      1;      0;      1;      0;      0;      3;
.00000000;      2;      2;     20;     18;     20;      0;      0;      0;
.10000000;      2;      2;     23;     23;     24;      1;      0;      1;
-1.00000000;      3;      2;      1;      1;      1;      0;      0;      3;
.00000000;      2;      2;     20;     18;     20;      0;      0;      0;
.10000000;      2;      2;     23;     23;     24;      1;      0;      1;
-1.00000000;      3;      2;      1;      0;      1;      0;      0;      3;
.00000000;      2;      2;     20;     18;     20;      0;      0;      0;
.10000000;      2;      2;     23;     23;     24;      1;      0;      1;
-1.00000000;      3;      2;      1;      1;      1;      0;      0;      3;
.00000000;      2;      2;     20;     18;     20;      0;      0;      0;
.10000000;      2;      2;     23;     23;     24;      1;      0;      1;
-1.00000000;      3;      2;      1;      0;      1;      0;      0;      3;
.00000000;      2;      2;     20;     18;     20;      0;      0;      0;
.10000000;      2;      2;     23;     23;     24;      1;      0;      1;
-1.00000000;      3;      2;      1;      1;      1;      0;      0;      3;
.00000000;      2;      2;     20;     18;     20;      0;      0;      0;
.10000000;      2;      2;     23;     23;     24;      1;      0;      1;
-1.00000000;      3;      2;      1;      0;      1;      0;      0;      3;
.00000000;      2;      2;     20;     18;     20;      0;      0;      0;
.10000000;      2;      2;     23;     23;     24;      1;      0;      1;
-1.00000000;      3;      2;      1;      1;      1;      0;      0;      3;
.00000000;      2;      2;     20;     18;     20;      0;      0;      0;
.10000000;      2;      2;     23;     23;     24;      1;      0;      1;
-1.00000000;      3;      2;      1;      0;      1;      0;      0;      3;
.00000000;      2;      2;     20;     18;     20;      0;      0;      0;
.10000000;      2;      2;     23;     23;     24;      1;      0;      1;
-1.00000000;      3;      2;      1;      1;      1;      0;      0;      3;
.00000000;      2;      2;     20;     18;     20;      0;      0;      0;
.10000000;      2;      2;     23;     23;     24;      1;      0;      1;
-1.00000000;      3;      2;      1;      0;      1;      0;      0;      3;
.00000000;      2;      2;     20;     18;     20;      0;      0;      0;
.10000000;      2;      2;     23;     23;     24;      1;      0;      1;
-1.00000000;      3;      2;      1;      1;      1;      0;      0;      3;
.00000000;      2;      2;     20;     18;     20;      0;      0;      0;
.10000000;      2;      2;     23;     23;     24;      1;      0;      1;
-1.00000000;      3;      2;      1;      0;      1;      0;      0;      3;
.00000000;      2;      2;     20;     18;     20;      0;      0;      0;
.10000000;      2;      2;     23;     23;     24;      1;      0;      1;
-1.00000000;      3;      2;      1;      1;      1;      0;      0;      3;
.00000000;      2;      2;     20;     18;     20;      0;      0;      0;
.10000000;      2;      2;     23;     23;     24;      1;      0;      1;
-1.00000000;      3;      2;      1;      0;      1;      0;      0;      3;
.00000000;      2;      2;     20;     18;     20;      0;      0;      0;
.10000000;      2;      2;     23;     23;     24;      1;      0;      1;
-1.00000000;      3;      2;      1;      1;      1;      0;      0;      3;
.00000000;      2;      2;     20;     18;     20;      0;      0;      0;
.10000000;      2;      2;     23;     23;     24;      1;      0;      1;
-1.00000000;      3;      2;      1;      0;      1;      0;      0;      3;
.00000000;      2;      2;     20;     18;     20;      0;      0;      0;
.10000000;      2;      2;     23;     23;     24;      1;      0;      1;
-1.00000000;      3;      2;      1;      1;      1;      0;      0;      3;
.00000000;      2;      2;     20;     18;     20;      0;      0;      0;
.10000000;      2;      2;     23;     23;     24;      1;      0;      1;
-1.00000000;      3;      2;      1;      0;      1;      0;      0;      3;
.00000000;      2;      2;     20;     18;     20;      0;      0;      0;
.10000000;      2;      2;     23;     23;     24;      1;      0;      1;
-1.00000000;      3;      2;      1;      1;      1;      0;      0;      3;
.00000000;      2;      2;     20;     18;     20;      0;      0;      0;
.10000000;      2;      2;     23;     23;     24;      1;      0;      1;
-1.00000000;      3;      2;      1;      0;      1;      0;      0;      3;
.00000000;      2;      2;     20;     18;     20;      0;      0;      0;
.10000000;      2;      2;     23;     23;     24;      1;      0;      1;
-1.00000000;      3;      2;      1;      1;      1;      0;      0;      3;
.00000000;      2;      2;     20;     18;     20;      0;      0;      0;
.10000000;      2;      2;     23;     23;     24;      1;      0;      1;
-1.00000000;      3;      2;      1;      0;      1;      0;      0;      3;
.00000000;      2;      2;     20;     18;     20;      0;      0;      0;
.10000000;      2;      2;     23;     23;     24;      1;      0;      1;
-1.00000000;      3;      2;      1;      1;      1;      0;      0;      3;
.00000000;      2;      2;     20;     18;     20;      0;      0;      0;
.10000000;      2;      2;     23;     23;     24;      1;      0;      1;
-1.00000000;      3;      2;      1;      0;      1;      0;      0;      3;
.00000000;      2;      2;     20;     18;     20;      0;      0;      0;
.10000000;      2;      2;     23;     23;     24;      1;      0;      1;
-1.00000000;      3;      2;      1;      1;      1;      0;      0;      3;
.00000000;      2;      2;     20;     18;     20;      0;      0;      0;
.10000000;      2;      2;     23;     23;     24;      1;      0;      1;
-1.00000000;      3;      2;      1;      0;      1;      0;      0;      3;
.00000000;      2;      2;     20;     18;     20;      0;      0;      0;
.10000000;      2;      2;     23;     23;     24;      1;      0;      1;
-1.00000000;      3;      2;      1;      1;      1;      0;      0;      3;
.00000000;      2;      2;     20;     18;     20;      0;      0;      0;
.10000000;      2;      2;     23;     23;     24;      1;      0;      1;
-1.00000000;      3;      2;      1;      0;      1;      0;      0;      3;
.00000000;      2;      2;     20;     18;     20;      0;      0;      0;
.10000000;      2;      2;     23;     23;     24;      1;      0;      1;
-1.00000000;      3;      2;      1;      1;      1;      0;      0;      3;
.00000000;      2;      2;     20;     18;     20;      0;      0;      0;
.10000000;      2;      2;     23;     23;     24;      1;      0;      1;
-1.00000000;      3;      2;      1;      0;      1;      0;      0;      3;
.00000000;      2;      2;     20;     18;     20;      0;      0;      0;
.10000000;      2;      2;     23;     23;     24;      1;      0;      1;
-1.00000000;      3;      2;      1;      1;      1;      0;      0;      3;
.00000000;      2;      2;     20;     18;     20;      0;      0;      0;
.10000000;      2;      2;     23;     23;     24;      1;      0;      1;
-1.00000000;      3;      2;      1;      0;      1;      0;      0;      3;
.00000000;      2;      2;     20;     18;     20;      0;      0;      0;
.10000000;      2;      2;     23;     23;     24;      1;      0;      1;
-1.00000000;      3;      2;      1;      1;      1;      0;      0;      3;
.00000000;      2;      2;     20;     18;     20;      0;      0;      0;
.10000000;      2;      2;     23;     23;     24;      1;      0;      1;
-1.00000000;      3;      2;      1;      0;      1;      0;      0;      3;
.00000000;      2;      2;     20;     18;     20;      0;      0;      0;
.10000000;      2;      2;     23;     23;     24;      1;      0;      1;
-1.00000000;      3;      2;      1;      1;      1;      0;      0;      3;
.00000000;      2;      2;     20;     18;     20;      0;      0;      0;
.10000000;      2;      2;     23;     23;     24;      1;      0;      1;
-1.00000000;      3;      2;      1;      0;      1;      0;      0;      3;
.00000000;      2;      2;     20;     18;     20;      0;      0;      0;
.10000000;      2;      2;     23;     23;     24;      1;      0;      1;
-1.00000000;      3;      2;      1;      1;      1;      0;      0;      3;
.00000000;      2;      2;     20;     18;     20;      0;      0;      0;
-1.00000000;      3;      2;      0;      0;      0;      0;      0;      3;
.00000000;      2;      2;     11;     10;     11;      0;      0;      0;
.10000000;      2;      2;     11;     11;     12;      1;      0;      1;
-1.00000000;      3;      2;      0;      0;      0;      0;      0;      3;
.00000000;      2;      2;     11;     10;     11;      0;      0;      0;
.10000000;      2;      2;     11;     11;     12;      1;      0;      1;
-1.00000000;      3;      2;      0;      0;      0;      0;      0;      3;
.00000000;      2;      2;     11;     10;     11;      0;      0;      0;
.10000000;      2;      2;     11;     11;     12;      1;      0;      1;
-1.00000000;      3;      2;      0;      0;      0;      0;      0;      3;
.00000000;      2;      2;     11;     10;     11;      0;      0;      0;
.10000000;      2;      2;     11;     11;     12;      1;      0;      1;
-1.00000000;      3;      2;      0;      0;      0;      0;      0;      3;
.00000000;      2;      2;     11;     10;     11;      0;      0;      0;
.10000000;      2;      2;     11;     11;     12;      1;      0;      1;
-1.00000000;      3;      2;      0;      0;      0;      0;      0;      3;
.00000000;      2;      2;     11;     10;     11;      0;      0;      0;
.10000000;      2;      2;     11;     11;     12;      1;      0;      1;
-1.00000000;      3;      2;      0;      0;      0;      0;      0;      3;
.00000000;      2;      2;     11;     10;     11;      0;      0;      0;
.10000000;      2;      2;     11;     11;     12;      1;      0;      1;
-1.00000000;      3;      2;      0;      0;      0;      0;      0;      3;
.00000000;      2;      2;     11;     10;     11;      0;      0;      0;
.10000000;      2;      2;     11;     11;     12;      1;      0;      1;
-1.00000000;      3;      2;      0;      0;      0;      0;      0;      3;
.00000000;      2;      2;     11;     10;     11;      0;      0;      0;
.10000000;      2;      2;     11;     11;     12;      1;      0;      1;
-1.00000000;      3;      2;      0;      0;      0;      0;      0;      3;
.00000000;      2;      2;     11;     10;     11;      0;      0;      0;
.10000000;      2;      2;     11;     11;     12;      1;      0;      1;
-1.00000000;      3;      2;      0;      0;      0;      0;      0;      3;
.00000000;      2;      2;     11;     10;     11;      0;      0;      0;
.10000000;      2;      2;     11;     11;     12;      1;      0;      1;
-1.00000000;      3;      2;      0;      0;      0;      0;      0;      3;
.00000000;      2;      2;     11;     10;     11;      0;      0;      0;
.10000000;      2;      2;     11;     11;     12;      1;      0;      1;
-1.00000000;      3;      2;      0;      0;      0;      0;      0;      3;
.00000000;      2;      2;     11;     10;     11;      0;      0;      0;
.10000000;      2;      2;     11;     11;     12;      1;      0;      1;
-1.00000000;      3;      2;      0;      0;      0;      0;      0;      3;
.00000000;      2;      2;     11;     10;     11;      0;      0;      0;
.10000000;      2;      2;     11;     11;     12;      1;      0;      1;
-1.00000000;      3;      2;      0;      0;      0;      0;      0;      3;
.00000000;      2;      2;     11;     10;     11;      0;      0;      0;
.10000000;      2;      2;     11;     11;     12;      1;      0;      1;
-1.00000000;      3;      2;      0;      0;      0;      0;      0;      3;
.00000000;      2;      2;     11;     10;     11;      0;      0;      0;
.10000000;      2;      2;     11;     11;     12;      1;      0;      1;
-1.00000000;      3;      2;      0;      0;      0;      0;      0;      3;
.00000000;      2;      2;     11;     10;     11;      0;      0;      0;
.10000000;      2;      2;     11;     11;     12;      1;      0;      1;
-1.00000000;      3;      2;      0;      0;      0;      0;      0;      3;
.00000000;      2;      2;     11;     10;     11;      0;      0;      0;
.10000000;      2;      2;     11;     11;     12;      1;      0;      1;
-1.00000000;      3;      2;      0;      0;      0;      0;      0;      3;
.00000000;      2;      2;     11;     10;     11;      0;      0;      0;
.10000000;      2;      2;     11;     11;     12;      1;      0;      1;
-1.00000000;      3;      2;      0;      0;      0;      0;      0;      3;
.00000000;      2;      2;     11;     10;     11;      0;      0;      0;
.10000000;      2;      2;     11;     11;     12;      1;      0;      1;
-1.00000000;      3;      2;      0;      0;      0;      0;      0;      3;
.00000000;      2;      2;     11;     10;     11;      0;      0;      0;
.10000000;      2;      2;     11;     11;     12;      1;      0;      1;
-1.00000000;      3;      2;      0;      0;      0;      0;      0;      3;
.00000000;      2;      2;     11;     10;     11;      0;      0;      0;
.10000000;      2;      2;     11;     11;     12;      1;      0;      1;
-1.00000000;      3;      2;      0;      0;      0;      0;      0;      3;
.00000000;      2;      2;     11;     10;     11;      0;      0;      0;
.10000000;      2;      2;     11;     11;     12;      1;      0;      1;
-1.00000000;      3;      2;      0;      0;      0;      0;      0;      3;
.00000000;      2;      2;     11;     10;     11;      0;      0;      0;
.10000000;      2;      2;     11;     11;     12;      1;      0;      1;
-1.00000000;      3;      2;      0;      0;      0;      0;      0;      3;
.00000000;      2;      2;     11;     10;     11;      0;      0;      0;
.10000000;      2;      2;     11;     11;     12;      1;      0;      1;
-1.00000000;      3;      2;      0;      0;      0;      0;      0;      3;
.00000000;      2;      2;     11;     10;     11;      0;      0;      0;
.10000000;      2;      2;     11;     11;     12;      1;      0;      1;
-1.00000000;      3;      2;      0;      0;      0;      0;      0;      3;
.00000000;      2;      2;     11;     10;     11;      0;      0;      0;
.10000000;      2;      2;     11;     11;     12;      1;      0;      1;
-1.00000000;      3;      2;      0;      0;      0;      0;      0;      3;
.00000000;      2;      2;     11;     10;     11;      0;      0;      0;
.10000000;      2;      2;     11;     11;     12;      1;      0;      1;
-1.00000000;      3;      2;      0;      0;      0;      0;      0;      3;
.00000000;      2;      2;     11;     10;     11;      0;      0;      0;
.10000000;      2;      2;     11;     11;     12;      1;      0;      1;
-1.00000000;      3;      2;      0;      0;      0;      0;      0;      3;
.00000000;      2;      2;     11;     10;     11;      0;      0;      0;
.10000000;      2;      2;     11;     11;     12;      1;      0;      1;
-1.00000000;      3;      2;      0;      0;      0;      0;      0;      3;
.00000000;      2;      2;     11;     10;     11;      0;      0;      0;
.10000000;      2;      2;     11;     11;     12;      1;      0;      1;
-1.00000000;      3;      2;      0;      0;      0;      0;      0;      3;
.00000000;      2;      2;     11;     10;     11;      0;      0;      0;
.10000000;      2;      2;     11;     11;     12;      1;      0;      1;
-1.00000000;      3;      2;      0;      0;      0;      0;      0;      3;
.00000000;      2;      2;     11;     10;     11;      0;      0;      0;
.10000000;      2;      2;     11;     11;     12;      1;      0;      1;
-1.00000000;      3;      2;      0;      0;      0;      0;      0;      3;
.00000000;      2;      2;     11;     10;     11;      0;      0;      0;
.10000000;      2;      2;     11;     11;     12;      1;      0;      1;
-1.00000000;      3;      2;      0;      0;      0;      0;      0;      3;
.00000000;      2;      2;     11;     10;     11;      0;      0;      0;
.10000000;      2;      2;     11;     11;     12;      1;      0;      1;
-1.00000000;      3;      2;      0;      0;      0;      0;      0;      3;
.00000000;      2;      2;     11;     10;     11;      0;      0;      0;
.10000000;      2;      2;     11;     11;     12;      1;      0;      1;
-1.00000000;      3;      2;      0;      0;      0;      0;      0;      3;
.00000000;      2;      2;     11;     10;     11;      0;      0;      0;
.10000000;      2;      2;     11;     11;     12;      1;      0;      1;
-1.00000000;      3;      2;      0;      0;      0;      0;      0;      3;
.00000000;      2;      2;     11;     10;     11;      0;      0;      0;
.10000000;      2;      2;     11;     11;     12;      1;      0;      1;
-1.00000000;      3;      2;      0;      0;      0;      0;      0;      3;
.00000000;      2;      2;     11;     10;     11;      0;      0;      0;
.10000000;      2;      2;     11;     11;     12;      1;      0;      1;
-1.00000000;      3;      2;      0;      0;      0;      0;      0;      3;
.00000000;      2;      2;     11;     10;     11;      0;      0;      0;
.10000000;      2;      2;     11;     11;     12;      1;      0;      1;
-1.00000000;      3;      2;      0;      0;      0;      0;      0;      3;
.00000000;      2;      2;     11;     10;     11;      0;      0;      0;
.10000000;      2;      2;     11;     11;     12;      1;      0;      1;
-1.00000000;      3;      2;      0;      0;      0;      0;      0;      3;
.00000000;      2;      2;     11;     10;     11;      0;      0;      0;
.10000000;      2;      2;     11;     11;     12;      1;      0;      1;
-1.00000000;      3;      2;      0;      0;      0;      0;      0;      3;
.00000000;      2;      2;     11;     10;     11;      0;      0;      0;
.10000000;      2;      2;     11;     11;     12;      1;      0;      1;
-1.00000000;      3;      2;      0;      0;      0;      0;      0;      3;
.00000000;      2;      2;     11;     10;     11;      0;      0;      0;
.10000000;      2;      2;     11;     11;     12;      1;      0;      1;
-1.00000000;      3;      2;      0;      0;      0;      0;      0;      3;
.00000000;      2;      2;     11;     10;     11;      0;      0;      0;
.10000000;      2;      2;     11;     11;     12;      1;      0;      1;
-1.00000000;      3;      2;      0;      0;      0;      0;      0;      3;
.00000000;      2;      2;     11;     10;     11;      0;      0;      0;
-1.00000000;      3;      2;      2;      1;      2;      0;      0;      4;
.00000000;      2;      2;     20;     18;     20;      0;      0;      0;
.10000000;      2;      2;     23;     23;     24;      1;      0;      1;
-1.00000000;      3;      2;      1;      1;      1;      0;      0;      3;
.00000000;      2;      2;     20;     18;     20;      0;      0;      0;
.10000000;      2;      2;     23;     23;     24;      1;      0;      1;
-1.00000000;      3;      2;      2;      1;      2;      0;      0;      4;
.00000000;      2;      2;     20;     18;     20;      0;      0;      0;
.10000000;      2;      2;     23;     23;     24;      1;      0;      1;
-1.00000000;      3;      2;      1;      1;      1;      0;      0;      3;
.00000000;      2;      2;     20;     18;     20;      0;      0;      0;
.10000000;      2;      2;     23;     23;     24;      1;      0;      1;
-1.00000000;      3;      2;      2;      1;      2;      0;      0;      4;
.00000000;      2;      2;     20;     18;     20;      0;      0;      0;
.10000000;      2;      2;     23;     23;     24;      1;      0;      1;
-1.00000000;      3;      2;      1;      1;      1;      0;      0;      3;
.00000000;      2;      2;     20;     18;     20;      0;      0;      0;
-1.00000000;      3;      2;      4;      3;      5;      0;      0;      3;
.00000000;      2;      2;     36;     31;     36;      0;      0;      0;
.10000000;      2;      2;     44;     42;     46;      1;      0;      1;
-1.00000000;      3;      2;      4;      3;      5;      0;      0;      3;
.00000000;      2;      2;     36;     31;     36;      0;      0;      0;
.10000000;      2;      2;     44;     42;     46;      1;      0;      1;
-1.00000000;      3;      2;      2;      2;      2;      0;      0;      4;
.00000000;      2;      2;     20;     18;     20;      0;      0;      0;
.10000000;      2;      2;     23;     23;     24;      1;      0;      1;
-1.00000000;      3;      2;      2;      2;      2;      0;      0;      4;
.00000000;      2;      2;     20;     18;     20;      0;      0;      0;
.10000000;      2;      2;     23;     23;     24;      1;      0;      1;
-1.00000000;      3;      2;      2;      2;      2;      0;      0;      4;
.00000000;      2;      2;     20;     18;     20;      0;      0;      0;
.10000000;      2;      2;     23;     23;     24;      1;      0;      1;
-1.00000000;      3;      2;      2;      2;      2;      0;      0;      4;
.00000000;      2;      2;     20;     18;     20;      0;      0;      0;
.10000000;      2;      2;     23;     23;     24;      1;      0;      1;
-1.00000000;      3;      2;      2;      2;      2;      0;      0;      4;
.00000000;      2;      2;     20;     18;     20;      0;      0;      0;
-1.00000000;      3;      2;      4;      3;      5;      0;      0;      3;
.00000000;      2;      2;     36;     31;     36;      0;      0;      0;
.10000000;      2;      2;     44;     42;     46;      1;      0;      1;
-1.00000000;      3;      2;      2;      2;      2;      0;      0;      4;
.00000000;      2;      2;     20;     18;     20;      0;      0;      0;
.10000000;      2;      2;     23;     23;     24;      1;      0;      1;
-1.00000000;      3;      2;      2;      1;      2;      0;      0;      4;
.00000000;      2;      2;     20;     18;     20;      0;      0;      0;
.10000000;      2;      2;     23;     23;     24;      1;      0;      1;
-1.00000000;      3;      2;      1;      1;      1;      0;      0;      3;
.00000000;      2;      2;     20;     18;     20;      0;      0;      0;
.10000000;      2;      2;     23;     23;     24;      1;      0;      1;
-1.00000000;      3;      2;      1;      1;      1;      0;      0;      3;
.00000000;      2;      2;     20;     18;     20;      0;      0;      0;
.10000000;      2;      2;     23;     23;     24;      1;      0;      1;
-1.00000000;      3;      2;      1;      0;      1;      0;      0;      3;
.00000000;      2;      2;     20;     18;     20;      0;      0;      0;
.10000000;      2;      2;     23;     23;     24;      1;      0;      1;
-1.00000000;      3;      2;      0;      0;      0;      0;      0;      3;
.00000000;      2;      2;     11;     10;     11;      0;      0;      0;
.10000000;      2;      2;     11;     11;     12;      1;      0;      1;
-1.00000000;      3;      2;      0;      0;      0;      0;      0;      3;
.00000000;      2;      2;     11;     10;     11;      0;      0;      0;
.10000000;      2;      2;     11;     11;     12;      1;      0;      1;
-1.00000000;      3;      2;      0;      0;      0;      0;      0;      3;
.00000000;      2;      2;     11;     10;     11;      0;      0;      0;
.10000000;      2;      2;     11;     11;     12;      1;      0;      1;
-1.00000000;      3;      2;      4;      3;      5;      0;      0;      3;
.00000000;      2;      2;     36;     31;     36;      0;      0;      0;
.10000000;      2;      2;     44;     42;     46;      1;      0;      1;
-1.00000000;      3;      2;      2;      2;      2;      0;      0;      4;
.00000000;      2;      2;     20;     18;     20;      0;      0;      0;
.10000000;      2;      2;     23;     23;     24;      1;      0;      1;
-1.00000000;      3;      2;      2;      1;      2;      0;      0;      4;
.00000000;      2;      2;     20;     18;     20;      0;      0;      0;
.10000000;      2;      2;     23;     23;     24;      1;      0;      1;
-1.00000000;      3;      2;      1;      1;      1;      0;      0;      3;
.00000000;      2;      2;     20;     18;     20;      0;      0;      0;
.10000000;      2;      2;     23;     23;     24;      1;      0;      1;
-1.00000000;      3;      2;      1;      1;      1;      0;      0;      3;
.00000000;      2;      2;     20;     18;     20;      0;      0;      0;
.10000000;      2;      2;     23;     23;     24;      1;      0;      1;
-1.00000000;      3;      2;      1;      0;      1;      0;      0;      3;
.00000000;      2;      2;     20;     18;     20;      0;      0;      0;
.10000000;      2;      2;     23;     23;     24;      1;      0;      1;
-1.00000000;      3;      2;      0;      0;      0;      0;      0;      3;
.00000000;      2;      2;     11;     10;     11;      0;      0;      0;
.10000000;      2;      2;     11;     11;     12;      1;      0;      1;
-1.00000000;      3;      2;      0;      0;      0;      0;      0;      3;
.00000000;      2;      2;     11;     10;     11;      0;      0;      0;
.10000000;      2;      2;     11;     11;     12;      1;      0;      1;
-1.00000000;      3;      2;      0;      0;      0;      0;      0;      3;
.00000000;      2;      2;     11;     10;     11;      0;      0;      0;
.10000000;      2;      2;     11;     11;     12;      1;      0;      1;
-1.00000000;      3;      2;      4;      3;      5;      0;      0;      3;
.00000000;      2;      2;     36;     31;     36;      0;      0;      0;
.10000000;      2;      2;     44;     42;     46;      1;      0;      1;
-1.00000000;      3;      2;      2;      2;      2;      0;      0;      4;
.00000000;      2;      2;     20;     18;     20;      0;      0;      0;
.10000000;      2;      2;     23;     23;     24;      1;      0;      1;
-1.00000000;      3;      2;      2;      1;      2;      0;      0;      4;
.00000000;      2;      2;     20;     18;     20;      0;      0;      0;
.10000000;      2;      2;     23;     23;     24;      1;      0;      1;
-1.00000000;      3;      2;      1;      1;      1;      0;      0;      3;
.00000000;      2;      2;     20;     18;     20;      0;      0;      0;
.10000000;      2;      2;     23;     23;     24;      1;      0;      1;
-1.00000000;      3;      2;      1;      1;      1;      0;      0;      3;
.00000000;      2;      2;     20;     18;     20;      0;      0;      0;
.10000000;      2;      2;     23;     23;     24;      1;      0;      1;
-1.00000000;      3;      2;      1;      0;      1;      0;      0;      3;
.00000000;      2;      2;     20;     18;     20;      0;      0;      0;
.10000000;      2;      2;     23;     23;     24;      1;      0;      1;
-1.00000000;      3;      2;      0;      0;      0;      0;      0;      3;
.00000000;      2;      2;     11;     10;     11;      0;      0;      0;
.10000000;      2;      2;     11;     11;     12;      1;      0;      1;
-1.00000000;      3;      2;      0;      0;      0;      0;      0;      3;
.00000000;      2;      2;     11;     10;     11;      0;      0;      0;
.10000000;      2;      2;     11;     11;     12;      1;      0;      1;
-1.00000000;      3;      2;      0;      0;      0;      0;      0;      3;
.00000000;      2;      2;     11;     10;     11;      0;      0;      0;
.10000000;      2;      2;     11;     11;     12;      1;      0;      1;
-1.00000000;      3;      2;      4;      3;      5;      0;      0;      3;
.00000000;      2;      2;     36;     31;     36;      0;      0;      0;
.10000000;      2;      2;     44;     42;     46;      1;      0;      1;
-1.00000000;      3;      2;      2;      2;      2;      0;      0;      4;
.00000000;      2;      2;     20;     18;     20;      0;      0;      0;
.10000000;      2;      2;     23;     23;     24;      1;      0;      1;
-1.00000000;      3;      2;      2;      1;      2;      0;      0;      4;
.00000000;      2;      2;     20;     18;     20;      0;      0;      0;
.10000000;      2;      2;     23;     23;     24;      1;      0;      1;
-1.00000000;      3;      2;      1;      1;      1;      0;      0;      3;
.00000000;      2;      2;     20;     18;     20;      0;      0;      0;
.10000000;      2;      2;     23;     23;     24;      1;      0;      1;
-1.00000000;      3;      2;      1;      1;      1;      0;      0;      3;
.00000000;      2;      2;     20;     18;     20;      0;      0;      0;
.10000000;      2;      2;     23;     23;     24;      1;      0;      1;
-1.00000000;      3;      2;      1;      0;      1;      0;      0;      3;
.00000000;      2;      2;     20;     18;     20;      0;      0;      0;
.10000000;      2;      2;     23;     23;     24;      1;      0;      1;
-1.00000000;      3;      2;      0;      0;      0;      0;      0;      3;
.00000000;      2;      2;     11;     10;     11;      0;      0;      0;
.10000000;      2;      2;     11;     11;     12;      1;      0;      1;
-1.00000000;      3;      2;      0;      0;      0;      0;      0;      3;
.00000000;      2;      2;     11;     10;     11;      0;      0;      0;
.10000000;      2;      2;     11;     11;     12;      1;      0;      1;
-1.00000000;      3;      2;      0;      0;      0;      0;      0;      3;
.00000000;      2;      2;     11;     10;     11;      0;      0;      0;
.10000000;      2;      2;     11;     11;     12;      1;      0;      1;
-1.00000000;      3;      2;      4;      3;      5;      0;      0;      3;
.00000000;      2;      2;     36;     31;     36;      0;      0;      0;
.10000000;      2;      2;     44;     42;     46;      1;      0;      1;
-1.00000000;      3;      2;      2;      2;      2;      0;      0;      4;
.00000000;      2;      2;     20;     18;     20;      0;      0;      0;
.10000000;      2;      2;     23;     23;     24;      1;      0;      1;
-1.00000000;      3;      2;      2;      1;      2;      0;      0;      4;
.00000000;      2;      2;     20;     18;     20;      0;      0;      0;
.10000000;      2;      2;     23;     23;     24;      1;      0;      1;
-1.00000000;      3;      2;      1;      1;      1;      0;      0;      3;
.00000000;      2;      2;     20;     18;     20;      0;      0;      0;
.10000000;      2;      2;     23;     23;     24;      1;      0;      1;
-1.00000000;      3;      2;      1;      1;      1;      0;      0;      3;
.00000000;      2;      2;     20;     18;     20;      0;      0;      0;
.10000000;      2;      2;     23;     23;     24;      1;      0;      1;
-1.00000000;      3;      2;      1;      0;      1;      0;      0;      3;
.00000000;      2;      2;     20;     18;     20;      0;      0;      0;
.10000000;      2;      2;     23;     23;     24;      1;      0;      1;
-1.00000000;      3;      2;      0;      0;      0;      0;      0;      3;
.00000000;      2;      2;     11;     10;     11;      0;      0;      0;
.10000000;      2;      2;     11;     11;     12;      1;      0;      1;
-1.00000000;      3;      2;      0;      0;      0;      0;      0;      3;
.00000000;      2;      2;     11;     10;     11;      0;      0;      0;
.10000000;      2;      2;     11;     11;     12;      1;      0;      1;
-1.00000000;      3;      2;      0;      0;      0;      0;      0;      3;
.00000000;      2;      2;     11;     10;     11;      0;      0;      0;
.10000000;      2;      2;     11;     11;     12;      1;      0;      1;
-1.00000000;      3;      2;      0;      0;      0;      0;      0;      3;
.00000000;      2;      2;     11;     10;     11;      0;      0;      0;
.10000000;      2;      2;     11;     11;     12;      1;      0;      1;
-1.00000000;      3;      2;      0;      0;      0;      0;      0;      3;
.00000000;      2;      2;     11;     10;     11;      0;      0;      0;
.10000000;      2;      2;     11;     11;     12;      1;      0;      1;
-1.00000000;      3;      2;      0;      0;      0;      0;      0;      3;
.00000000;      2;      2;     11;     10;     11;      0;      0;      0;
.10000000;      2;      2;     11;     11;     12;      1;      0;      1;
-1.00000000;      3;      2;      0;      0;      0;      0;      0;      3;
.00000000;      2;      2;     11;     10;     11;      0;      0;      0;
.10000000;      2;      2;     11;     11;     12;      1;      0;      1;
-1.00000000;      3;      2;      5;      5;      5;      0;      0;      3;
.00000000;      2;      2;     14;     13;     14;      0;      0;      0;
-1.00000000;      3;      2;      2;      2;      2;      0;      0;      4;
.00000000;      2;      2;      7;      6;      7;      0;      0;      0;
-1.00000000;      3;      2;      2;      2;      2;      0;      0;      3;
.00000000;      2;      2;      7;      6;      7;      0;      0;      0;
.10000000;      2;      2;      5;      5;      7;      1;      0;      1;
1.00000000;      2;      2;      7;      6;      7;      1;      1;      1;
1.10000000;      2;      2;      5;      5;      7;      1;      1;      1;
2.00000000;      2;      2;      7;      6;      7;      1;      1;      1;
-1.00000000;      3;      2;      2;      2;      2;      0;      0;      3;
.00000000;      2;      2;      7;      6;      7;      0;      0;      0;
.10000000;      2;      2;      5;      5;      7;      1;      0;      1;
1.00000000;      2;      2;      7;      6;      7;      1;      1;      1;
1.10000000;      2;      2;      5;      5;      7;      1;      1;      1;
2.00000000;      2;      2;      7;      6;      7;      1;      1;      1;
-1.00000000;      3;      2;      2;      2;      2;      0;      0;      3;
.00000000;      2;      2;      7;      6;      7;      0;      0;      0;
.10000000;      2;      2;      5;      5;      7;      1;      0;      1;
1.00000000;      2;      2;      7;      6;      7;      1;      1;      1;
1.10000000;      2;      2;      5;      5;      7;      1;      1;      1;
-1.00000000;      3;      2;      1;      1;      1;      0;      0;      3;
.00000000;      2;      2;     20;     18;     20;      0;      0;      0;
.10000000;      2;      2;     23;     23;     24;      1;      0;      1;
-1.00000000;      3;      2;      1;      1;      1;      0;      0;      3;
.00000000;      2;      2;     20;     18;     20;      0;      0;      0;
.10000000;      2;      2;     23;     23;     24;      1;      0;      1;
-1.00000000;      3;      2;      1;      0;      1;      0;      0;      3;
.00000000;      2;      2;     20;     18;     20;      0;      0;      0;
.10000000;      2;      2;     23;     23;     24;      1;      0;      1;
-1.00000000;      3;      2;      0;      0;      0;      0;      0;      3;
.00000000;      2;      2;     11;     10;     11;      0;      0;      0;
.10000000;      2;      2;     11;     11;     12;      1;      0;      1;
-1.00000000;      3;      2;      0;      0;      0;      0;      0;      3;
.00000000;      2;      2;     11;     10;     11;      0;      0;      0;
.10000000;      2;      2;     11;     11;     12;      1;      0;      1;
-1.00000000;      3;      2;      0;      0;      0;      0;      0;      3;
.00000000;      2;      2;     11;     10;     11;      0;      0;      0;
.10000000;      2;      2;     11;     11;     12;      1;      0;      1;
-1.00000000;      3;      2;      1;      1;      1;      0;      0;      3;
.00000000;      2;      2;     20;     18;     20;      0;      0;      0;
.10000000;      2;      2;     23;     23;     24;      1;      0;      1;
-1.00000000;      3;      2;      1;      1;      1;      0;      0;      3;
.00000000;      2;      2;     20;     18;     20;      0;      0;      0;
.10000000;      2;      2;     23;     23;     24;      1;      0;      1;
-1.00000000;      3;      2;      1;      0;      1;      0;      0;      3;
.00000000;      2;      2;     20;     18;     20;      0;      0;      0;
.10000000;      2;      2;     23;     23;     24;      1;      0;      1;
-1.00000000;      3;      2;      0;      0;      0;      0;      0;      3;
.00000000;      2;      2;     11;     10;     11;      0;      0;      0;
.10000000;      2;      2;     11;     11;     12;      1;      0;      1;
-1.00000000;      3;      2;      0;      0;      0;      0;      0;      3;
.00000000;      2;      2;     11;     10;     11;      0;      0;      0;
.10000000;      2;      2;     11;     11;     12;      1;      0;      1;
-1.00000000;      3;      2;      0;      0;      0;      0;      0;      3;
.00000000;      2;      2;     11;     10;     11;      0;      0;      0;
.10000000;      2;      2;     11;     11;     12;      1;      0;      1;
-1.00000000;      3;      2;      1;      1;      1;      0;      0;      3;
.00000000;      2;      2;     20;     18;     20;      0;      0;      0;
.10000000;      2;      2;     23;     23;     24;      1;      0;      1;
-1.00000000;      3;      2;      1;      1;      1;      0;      0;      3;
.00000000;      2;      2;     20;     18;     20;      0;      0;      0;
.10000000;      2;      2;     23;     23;     24;      1;      0;      1;
-1.00000000;      3;      2;      1;      0;      1;      0;      0;      3;
.00000000;      2;      2;     20;     18;     20;      0;      0;      0;
.10000000;      2;      2;     23;     23;     24;      1;      0;      1;
-1.00000000;      3;      2;      0;      0;      0;      0;      0;      3;
.00000000;      2;      2;     11;     10;     11;      0;      0;      0;
.10000000;      2;      2;     11;     11;     12;      1;      0;      1;
-1.00000000;      3;      2;      0;      0;      0;      0;      0;      3;
.00000000;      2;      2;     11;     10;     11;      0;      0;      0;
.10000000;      2;      2;     11;     11;     12;      1;      0;      1;
-1.00000000;      3;      2;      0;      0;      0;      0;      0;      3;
.00000000;      2;      2;     11;     10;     11;      0;      0;      0;
.10000000;      2;      2;     11;     11;     12;      1;      0;      1;
-1.00000000;      3;      2;      1;      1;      1;      0;      0;      3;
.00000000;      2;      2;     20;     18;     20;      0;      0;      0;
.10000000;      2;      2;     23;     23;     24;      1;      0;      1;
-1.00000000;      3;      2;      1;      1;      1;      0;      0;      3;
.00000000;      2;      2;     20;     18;     20;      0;      0;      0;
.10000000;      2;      2;     23;     23;     24;      1;      0;      1;
-1.00000000;      3;      2;      1;      0;      1;      0;      0;      3;
.00000000;      2;      2;     20;     18;     20;      0;      0;      0;
.10000000;      2;      2;     23;     23;     24;      1;      0;      1;
-1.00000000;      3;      2;      0;      0;      0;      0;      0;      3;
.00000000;      2;      2;     11;     10;     11;      0;      0;      0;
.10000000;      2;      2;     11;     11;     12;      1;      0;      1;
-1.00000000;      3;      2;      0;      0;      0;      0;      0;      3;
.00000000;      2;      2;     11;     10;     11;      0;      0;      0;
.10000000;      2;      2;     11;     11;     12;      1;      0;      1;
-1.00000000;      3;      2;      0;      0;      0;      0;      0;      3;
.00000000;      2;      2;     11;     10;     11;      0;      0;      0;
.10000000;      2;      2;     11;     11;     12;      1;      0;      1;
-1.00000000;      3;      2;      1;      1;      1;      0;      0;      3;
.00000000;      2;      2;     20;     18;     20;      0;      0;      0;
.10000000;      2;      2;     23;     23;     24;      1;      0;      1;
-1.00000000;      3;      2;      1;      1;      1;      0;      0;      3;
.00000000;      2;      2;     20;     18;     20;      0;      0;      0;
.10000000;      2;      2;     23;     23;     24;      1;      0;      1;
-1.00000000;      3;      2;      1;      0;      1;      0;      0;      3;
.00000000;      2;      2;     20;     18;     20;      0;      0;      0;
.10000000;      2;      2;     23;     23;     24;      1;      0;      1;
-1.00000000;      3;      2;      0;      0;      0;      0;      0;      3;
.00000000;      2;      2;     11;     10;     11;      0;      0;      0;
